gene_a,gene_b,score
MAPK1,MDM2,0.452
MAPK1,CDK4,0.479
MAPK1,KDR,0.544
MAPK1,BAX,0.564
MAPK1,PTEN,0.599
MAPK1,BRCA1,0.64
MAPK1,FGFR1,0.642
MAPK1,ATM,0.673
MAPK1,CDKN2A,0.724
MAPK1,EGFR,0.796
MAPK1,PIK3CA,0.815
MAPK1,MTOR,0.828
MAPK1,NRAS,0.958
MAPK1,CASP3,0.96
MAPK1,JAK2,0.964
MAPK1,AKT1,0.971
MAPK1,BRAF,0.978
MAPK1,BCL2,0.98
MAPK1,KRAS,0.991
MAPK1,STAT3,0.994
MAPK1,MYC,0.996
MAPK1,RAF1,0.998
MAPK1,TP53,0.999
MAPK1,MAP2K1,0.999
KRAS,RB1,0.444
KRAS,FLT1,0.499
KRAS,BAX,0.508
KRAS,CASP3,0.62
KRAS,KDR,0.622
KRAS,MDM2,0.662
KRAS,STAT3,0.739
KRAS,BRCA1,0.741
KRAS,ATM,0.754
KRAS,CDK4,0.773
KRAS,BCL2,0.815
KRAS,JAK2,0.828
KRAS,MYC,0.886
KRAS,AKT1,0.902
KRAS,PTEN,0.925
KRAS,TP53,0.954
KRAS,MTOR,0.962
KRAS,ERBB2,0.964
KRAS,PDGFRA,0.966
KRAS,FGFR1,0.972
KRAS,CDKN2A,0.991
KRAS,MAP2K1,0.997
KRAS,PIK3CA,0.999
KRAS,EGFR,0.999
KRAS,NRAS,0.999
KRAS,RAF1,0.999
KRAS,BRAF,0.999
PDGFRA,BCL2,0.408
PDGFRA,CASP3,0.482
PDGFRA,ATM,0.517
PDGFRA,BRCA1,0.548
PDGFRA,AKT1,0.574
PDGFRA,MYC,0.643
PDGFRA,MTOR,0.664
PDGFRA,CDKN2A,0.737
PDGFRA,TP53,0.761
PDGFRA,MDM2,0.84
PDGFRA,PTEN,0.899
PDGFRA,JAK2,0.925
PDGFRA,ERBB2,0.95
PDGFRA,NRAS,0.966
PDGFRA,PIK3CA,0.983
PDGFRA,STAT3,0.992
PDGFRA,EGFR,0.995
CDK4,EGFR,0.419
CDK4,BRAF,0.431
CDK4,JAK2,0.531
CDK4,ERBB2,0.665
CDK4,BAX,0.686
CDK4,AKT1,0.692
CDK4,STAT3,0.708
CDK4,RAF1,0.733
CDK4,CASP3,0.74
CDK4,PTEN,0.758
CDK4,MTOR,0.759
CDK4,PIK3CA,0.766
CDK4,BCL2,0.812
CDK4,NRAS,0.863
CDK4,MDM2,0.877
CDK4,ATM,0.931
CDK4,MYC,0.989
CDK4,BRCA1,0.994
CDK4,TP53,0.996
CDK4,RB1,0.999
CDK4,CDKN2A,0.999
MDM2,KDR,0.441
MDM2,MAP2K1,0.451
MDM2,JAK2,0.462
MDM2,FGFR1,0.515
MDM2,NRAS,0.581
MDM2,BRAF,0.642
MDM2,ERBB2,0.665
MDM2,MTOR,0.715
MDM2,BAX,0.732
MDM2,BRCA1,0.732
MDM2,BCL2,0.758
MDM2,STAT3,0.812
MDM2,MYC,0.826
MDM2,PIK3CA,0.835
MDM2,PTEN,0.865
MDM2,EGFR,0.897
MDM2,ATM,0.995
MDM2,RB1,0.999
MDM2,TP53,0.999
MDM2,CASP3,0.999
MDM2,CDKN2A,0.999
MDM2,AKT1,0.999
KDR,BRCA1,0.411
KDR,ERBB2,0.419
KDR,EGFR,0.453
KDR,BRAF,0.463
KDR,BAX,0.47
KDR,ATM,0.482
KDR,NRAS,0.531
KDR,CDKN2A,0.545
KDR,MYC,0.57
KDR,CASP3,0.583
KDR,PTEN,0.593
KDR,BCL2,0.597
KDR,STAT3,0.652
KDR,MTOR,0.689
KDR,COL18A1,0.782
KDR,AKT1,0.847
KDR,TP53,0.907
KDR,JAK2,0.923
KDR,FLT1,0.95
KDR,PIK3CA,0.988
PIK3CA,ATM,0.457
PIK3CA,RB1,0.605
PIK3CA,BRCA1,0.722
PIK3CA,CDKN2A,0.775
PIK3CA,MAP2K1,0.809
PIK3CA,BAX,0.859
PIK3CA,CASP3,0.866
PIK3CA,MYC,0.877
PIK3CA,BCL2,0.884
PIK3CA,FLT1,0.908
PIK3CA,BRAF,0.91
PIK3CA,STAT3,0.957
PIK3CA,RAF1,0.967
PIK3CA,FGFR1,0.973
PIK3CA,TP53,0.981
PIK3CA,JAK2,0.985
PIK3CA,MTOR,0.994
PIK3CA,NRAS,0.998
PIK3CA,ERBB2,0.999
PIK3CA,EGFR,0.999
PIK3CA,PTEN,0.999
PIK3CA,AKT1,0.999
STAT3,NRAS,0.521
STAT3,RAF1,0.539
STAT3,FLT1,0.552
STAT3,CDKN2A,0.606
STAT3,BRCA1,0.637
STAT3,MAP2K1,0.655
STAT3,RB1,0.658
STAT3,BRAF,0.708
STAT3,BAX,0.736
STAT3,FGFR1,0.737
STAT3,ATM,0.759
STAT3,PTEN,0.822
STAT3,CASP3,0.89
STAT3,AKT1,0.972
STAT3,TP53,0.978
STAT3,BCL2,0.986
STAT3,ERBB2,0.989
STAT3,MYC,0.994
STAT3,MTOR,0.996
STAT3,EGFR,0.999
STAT3,JAK2,0.999
RB1,BAX,0.448
RB1,ATM,0.463
RB1,FGFR1,0.467
RB1,ERBB2,0.47
RB1,MTOR,0.513
RB1,BCL2,0.519
RB1,EGFR,0.52
RB1,AKT1,0.585
RB1,PTEN,0.61
RB1,CDKN2A,0.754
RB1,CASP3,0.894
RB1,MYC,0.933
RB1,TP53,0.969
RB1,BRCA1,0.985
RB1,RAF1,0.999
TP53,FLT1,0.649
TP53,MAP2K1,0.675
TP53,FGFR1,0.76
TP53,JAK2,0.8
TP53,RAF1,0.851
TP53,NRAS,0.861
TP53,BRAF,0.915
TP53,ERBB2,0.937
TP53,CASP3,0.962
TP53,EGFR,0.977
TP53,MYC,0.988
TP53,MTOR,0.991
TP53,AKT1,0.996
TP53,ATM,0.999
TP53,BAX,0.999
TP53,PTEN,0.999
TP53,BCL2,0.999
TP53,CDKN2A,0.999
TP53,BRCA1,0.999
ERBB2,MAP2K1,0.403
ERBB2,RAF1,0.425
ERBB2,BRAF,0.521
ERBB2,BAX,0.585
ERBB2,CASP3,0.657
ERBB2,ATM,0.701
ERBB2,BCL2,0.723
ERBB2,CDKN2A,0.757
ERBB2,MTOR,0.799
ERBB2,AKT1,0.831
ERBB2,MYC,0.872
ERBB2,PTEN,0.881
ERBB2,NRAS,0.888
ERBB2,FGFR1,0.896
ERBB2,BRCA1,0.923
ERBB2,JAK2,0.977
ERBB2,EGFR,0.999
EGFR,MAP2K1,0.425
EGFR,COL18A1,0.446
EGFR,FLT1,0.447
EGFR,BRAF,0.577
EGFR,BAX,0.658
EGFR,FGFR1,0.679
EGFR,CASP3,0.748
EGFR,BCL2,0.766
EGFR,ATM,0.779
EGFR,BRCA1,0.783
EGFR,CDKN2A,0.801
EGFR,MTOR,0.9
EGFR,MYC,0.919
EGFR,RAF1,0.985
EGFR,AKT1,0.988
EGFR,NRAS,0.992
EGFR,PTEN,0.992
EGFR,JAK2,0.997
ATM,MAP2K1,0.462
ATM,FGFR1,0.497
ATM,MTOR,0.51
ATM,JAK2,0.535
ATM,NRAS,0.625
ATM,BAX,0.67
ATM,CASP3,0.691
ATM,BCL2,0.749
ATM,BRAF,0.789
ATM,MYC,0.812
ATM,CDKN2A,0.829
ATM,AKT1,0.843
ATM,PTEN,0.889
ATM,BRCA1,0.999
FLT1,MYC,0.43
FLT1,CASP3,0.44
FLT1,PTEN,0.455
FLT1,BCL2,0.482
FLT1,COL18A1,0.582
FLT1,MTOR,0.584
BAX,RAF1,0.401
BAX,NRAS,0.418
BAX,BRAF,0.442
BAX,BRCA1,0.443
BAX,MAP2K1,0.554
BAX,JAK2,0.576
BAX,CDKN2A,0.588
BAX,PTEN,0.701
BAX,MYC,0.726
BAX,MTOR,0.793
BAX,CASP3,0.983
BAX,AKT1,0.993
BAX,BCL2,0.999
MAP2K1,AKT1,0.403
MAP2K1,FGFR1,0.484
MAP2K1,JAK2,0.555
MAP2K1,BCL2,0.586
MAP2K1,CDKN2A,0.592
MAP2K1,CASP3,0.632
MAP2K1,MYC,0.688
MAP2K1,PTEN,0.78
MAP2K1,MTOR,0.801
MAP2K1,NRAS,0.982
MAP2K1,RAF1,0.999
MAP2K1,BRAF,0.999
CASP3,FGFR1,0.411
CASP3,NRAS,0.442
CASP3,RAF1,0.507
CASP3,BRAF,0.589
CASP3,CDKN2A,0.601
CASP3,JAK2,0.692
CASP3,PTEN,0.744
CASP3,BRCA1,0.759
CASP3,MTOR,0.834
CASP3,MYC,0.834
CASP3,AKT1,0.971
CASP3,BCL2,0.986
COL18A1,AKT1,0.455
MTOR,RAF1,0.637
MTOR,FGFR1,0.649
MTOR,BRCA1,0.673
MTOR,JAK2,0.724
MTOR,CDKN2A,0.727
MTOR,BRAF,0.803
MTOR,BCL2,0.87
MTOR,MYC,0.9
MTOR,NRAS,0.901
MTOR,PTEN,0.97
MTOR,AKT1,0.999
NRAS,BCL2,0.547
NRAS,BRCA1,0.556
NRAS,MYC,0.701
NRAS,AKT1,0.817
NRAS,JAK2,0.837
NRAS,PTEN,0.854
NRAS,FGFR1,0.966
NRAS,CDKN2A,0.978
NRAS,RAF1,0.999
NRAS,BRAF,0.999
PTEN,RAF1,0.617
PTEN,JAK2,0.714
PTEN,FGFR1,0.727
PTEN,BCL2,0.786
PTEN,BRCA1,0.797
PTEN,CDKN2A,0.917
PTEN,BRAF,0.942
PTEN,MYC,0.949
PTEN,AKT1,0.996
JAK2,CDKN2A,0.571
JAK2,FGFR1,0.575
JAK2,AKT1,0.584
JAK2,BRAF,0.657
JAK2,BRCA1,0.675
JAK2,BCL2,0.729
JAK2,RAF1,0.824
JAK2,MYC,0.83
BCL2,FGFR1,0.435
BCL2,BRAF,0.639
BCL2,BRCA1,0.665
BCL2,CDKN2A,0.718
BCL2,RAF1,0.96
BCL2,MYC,0.966
BCL2,AKT1,0.992
FGFR1,BRCA1,0.495
FGFR1,MYC,0.607
FGFR1,CDKN2A,0.621
FGFR1,AKT1,0.806
RAF1,CDKN2A,0.501
RAF1,MYC,0.875
RAF1,BRAF,0.999
RAF1,AKT1,0.999
CDKN2A,BRCA1,0.861
CDKN2A,AKT1,0.871
CDKN2A,BRAF,0.909
CDKN2A,MYC,0.999
BRCA1,BRAF,0.764
BRCA1,AKT1,0.999
BRCA1,MYC,0.999
BRAF,MYC,0.72
BRAF,AKT1,0.983
AKT1,MYC,0.958
