,batch1_s1,batch1_s2,batch1_s3,batch1_s4,batch2_s1,batch2_s2,batch2_s3,batch2_s4
GENE_0001,54.51837735484271,54.66033072155902,54.474032413433214,54.03797060809091,54.95780421081039,55.6629695618364,55.241010712715834,55.394426174132676
GENE_0002,15.805935744116866,15.510500856849658,15.067755037077267,15.189755150761172,16.593373644745935,16.529314973720897,16.100651090951683,16.577607530476726
GENE_0003,72.94030121981977,73.37776060294158,73.11441182693883,73.12214551566554,74.5536762102997,74.88244674068774,73.48697338871425,74.43846249826831
GENE_0004,422.6140817193348,422.251109915016,422.44417861110435,422.35280248943593,424.7053637566454,424.1968654918137,423.9040455261183,423.25658776834933
GENE_0005,12.379587603368016,12.784247368188641,12.523724987347086,12.00669597401843,14.027511778404104,13.240815934620692,14.376974605697079,13.82262007688234
GENE_0006,12.4290556655626,12.693238896318533,12.439224865893827,12.63918139290389,13.159829337148377,13.959737253250443,13.551898840435143,14.746304756292906
GENE_0007,472.50559260036187,472.95186874364185,472.89222701187055,472.6836724202422,475.31105724993495,472.92800731291743,474.9146939089953,473.70736524934597
GENE_0008,92.95214931217708,93.40189808358562,93.49793810565218,92.96621995376057,94.3110984228329,94.37810307534251,95.03491905157496,93.15900289482099
GENE_0009,7.868778539608324,8.169087865820677,7.88074411711243,8.051995751754598,9.490245268306007,9.260157270830074,9.184434343084469,9.856124172138177
GENE_0010,59.199791359140235,59.288505830595376,59.89233541838013,59.73034743535151,60.316776681131536,61.10565971516741,60.85745188952194,60.48800406104777
GENE_0011,8.031078899331847,8.345160071288193,7.607435117357844,7.467673892287203,9.547683575743857,9.827503667580244,9.89300473892669,9.461250662969993
GENE_0012,7.898193785557012,7.972545099799474,7.855167380607838,7.68444778482189,10.240342981376239,8.447451557100056,10.097383379390925,9.85508906491647
GENE_0013,32.515677541425866,33.20994021727337,32.37231525930495,32.3566192505496,33.60844532178888,34.10847747778265,33.91502014310053,34.378448908356546
GENE_0014,0.1652825661304786,0.23079531931608757,0.0,0.15558073441029852,1.162505834120353,1.512600716568183,1.5380311166337381,2.5622723800768723
GENE_0015,0.4647015456673095,1.158522085787384,0.6129287390849996,0.8865753974173338,1.8082970036639368,2.2286302932725985,2.1226621173223195,2.7358939329602014
GENE_0016,6.75020804368661,6.582963910977678,6.487066423423898,6.4654428343070425,8.64114395869635,7.876657825878997,7.493865621178777,7.137244951846334
GENE_0017,2.7996872377461126,2.453986680374464,3.1034470044314375,2.570057629065615,3.415506945608376,3.670328066320544,2.9718082140024613,5.390067712797847
GENE_0018,37.3628223359347,37.510923159157976,37.8453324147407,37.05493020005224,37.074220998494724,39.63149108931222,40.280394041110675,39.44121715004447
GENE_0019,3.297060135287791,3.171156251200727,2.9600043963602616,3.457885852721791,4.472741125281965,4.892269758152463,4.949425465032562,4.321721644524198
GENE_0020,1.4171301255242061,1.3189637724332444,1.747941758412926,0.8199364700566278,2.7121624581900354,1.9826227146919133,2.621438601146249,2.722815517435738
GENE_0021,376.14208374165224,376.7997559723993,377.00921543464625,376.66088511506854,378.7955996265306,379.37869706227616,377.96763983916554,378.043848161011
GENE_0022,12.950242946804853,12.615124887909298,12.961864200131457,12.87044797047833,14.951231908829197,12.827412324549886,14.241976390159651,14.288386552805948
GENE_0023,22.7911455255263,22.98262627553176,22.921987423555105,23.398130231961648,24.394463849294347,23.274311846365762,24.54589044805585,25.962050491561126
GENE_0024,1.3335991224352077,1.805100629440819,0.874587750840216,0.7697734021215263,3.145310983133414,3.5429642637268466,2.4852416525646666,2.340497172622408
GENE_0025,6.53245323212165,7.279693930114619,6.649768946263089,5.855577332338158,7.603100579829871,7.747574838419737,9.754012680233515,7.845645976591346
GENE_0026,24.532879556088098,25.205241287189665,25.40096877219871,25.129499049713562,26.524890164858714,26.063061433093456,26.300376107644237,26.44914332128532
GENE_0027,1.5214923109623615,2.02115608577777,2.575130934107693,2.5499083967805665,3.730995334425392,3.059795534566349,2.57741133526698,4.381102710364093
GENE_0028,42.594909929037755,42.61649384305482,43.043457503521,42.95216835092117,44.487148983646556,44.57095627610465,44.089512948336164,43.331130442257226
GENE_0029,6.11984145073544,6.22598009203812,5.895269873683113,6.104822524801383,7.903984423072417,7.791689082105359,8.170030522136111,6.505371446873669
GENE_0030,10.936533434754915,10.900990652726716,10.871943192299534,11.060337566596623,12.385782397541384,12.793499678103494,12.54978838085609,12.381269137365848
GENE_0031,6.220611596796899,5.951820897936684,6.071299733237048,6.27117063815488,6.426959805500629,8.409375120061064,6.961370563308215,7.099690479932
GENE_0032,815.6174356781248,815.6153164746422,815.5853598871366,815.8238278368942,817.0088531516441,817.4650888719706,818.5266243375677,817.1787245050617
GENE_0033,19.530767732372375,19.670358608748153,19.647541986222002,19.693499002773436,21.443999822146477,20.443985436403047,21.56634146266057,21.696494007313245
GENE_0034,2.058657591992896,2.6161212338324553,2.3776816760320325,2.5736034996716213,3.1552094813484652,2.130707311420927,3.9276377901272412,3.5397369098219524
GENE_0035,103.87716278214378,103.92775767579461,103.93290266392395,104.39077658673409,105.4769956811977,105.79677625448579,106.15331840914764,104.81117451150115
GENE_0036,1.7619406827474626,2.2199171103395483,1.2693101611724997,2.575619093025862,3.3826303574825154,4.204405392070126,4.2536257690209744,4.032659811590497
GENE_0037,30.24189143550115,30.13228574618563,30.654095477057247,30.617740235239964,32.121485860460865,32.46217279928919,33.15756782829368,32.11459534045434
GENE_0038,0.28341538839715374,0.0,0.2389717997675279,0.2460929639538517,2.259550270347111,1.5443047155088134,1.4644193599213133,0.9451896045376931
GENE_0039,1.7119417027094093,1.4773894055130687,1.0590788092319907,1.4023815662874788,2.0549723643688558,2.88419491583464,3.656336480829966,2.950440687348869
GENE_0040,29.603521171221963,30.090718222862556,28.914910068094414,29.245865960612175,31.18976332553084,30.884037936477757,31.69804571947051,31.970980425108923
GENE_0041,88.2151932069907,88.46966388080853,87.95623110185598,87.75607163404445,89.55671970174102,89.66612040595673,89.40197536549528,90.44828480454498
GENE_0042,27.957543809325262,28.158790586861866,28.82813134472347,28.173671134288615,29.49739087300416,30.614695436902256,29.533878972183963,30.906672807579778
GENE_0043,16.096897268507306,16.261560265162107,16.43633377949708,15.780729495752341,17.079585265223443,16.893837733768702,16.80643731165027,18.90614760340633
GENE_0044,11.431341340418365,10.987318213370783,10.861741877245114,11.044577215831112,12.518434119829646,12.325481775044242,11.913158654076256,12.261538589572679
GENE_0045,0.30239863266630007,0.9921037927222409,0.8632283645959526,0.7971660029898266,3.629211823926452,3.423058353187682,3.068984957133664,2.489105479496462
GENE_0046,4.521235668325786,5.025402226212931,4.900936521789436,5.09661344516427,5.365221553286399,6.146693742489191,6.971138745098925,5.550734096594697
GENE_0047,8.16737103718809,8.189946262557955,7.694733767277441,7.994311518509388,9.660501181285605,10.050719443851895,8.426863507354263,10.105999881966373
GENE_0048,166.3141156200299,165.90211158874752,166.46556680578863,166.3722391395012,167.53746966525097,169.72231871586266,167.84679459294017,168.78215933710547
GENE_0049,40.04568271414558,40.37730105705195,40.164163035649594,39.83597053718031,41.953498907383114,41.04869348078667,42.11843473012959,40.614244638708
GENE_0050,0.40972108981659683,1.0049440520755784,0.9589966129966352,0.6374738509890367,3.3160729395149344,2.276822497222066,1.9282563214373163,2.0588088764446453
GENE_0051,38.43021957172193,38.216573825027204,38.37419641253607,38.65177211488035,38.74261079319344,39.3757777282416,40.68672883536172,40.30100374870434
GENE_0052,9.25163264107507,9.417076871723916,9.237233686639604,9.038196746979423,9.879637994937207,10.418603565384082,11.225723279775716,11.430340675410541
GENE_0053,5.537337232844217,5.3352116702310965,4.923607838319307,4.989567667623698,7.104017819019957,7.021151420118903,7.119680035624278,6.453648050650486
GENE_0054,68.33828085168312,68.34015672843992,68.0138904924808,68.17083679005975,69.48696209134181,70.61284273430314,69.33645009264748,70.3807587412172
GENE_0055,158.00714274444576,157.74077039966957,157.83791827825274,157.50210066878125,160.0128424141787,158.34399096261706,158.77375501643363,159.55739780531337
GENE_0056,129.23139493898876,129.1534710184441,129.46516768087037,129.10918067090907,130.58696070774883,130.9484547311734,130.2040531704968,131.16981696599265
GENE_0057,3.6030023769909714,3.7416180229152856,4.023359632082694,3.6064179821493214,4.180786532764222,6.1725450940939695,5.302280088733538,5.309211952927117
GENE_0058,10.692169225150938,11.173755387274634,10.580982996292722,11.084253435710643,12.425143849277461,12.583178024250943,12.439715064439996,13.149411980995724
GENE_0059,39.07799996607721,39.12274436974205,39.40747089405158,39.03843272206429,39.9569359121786,40.90671950214492,40.229114473726156,41.771905356853836
GENE_0060,141.20266911550996,141.21778016013022,141.24762737944326,141.3870414331663,142.90840514573927,142.32069356571597,142.81364058754994,143.3605485737565
GENE_0061,7.79025337796378,7.934830534089359,7.696910732590325,7.958590309545248,9.057878765832182,9.64810706348876,8.72966902928618,8.914326158090061
GENE_0062,14.47811720459835,13.000934178815696,13.631333461260372,13.814285428484899,15.214772911234471,15.268101691008203,16.394665046101334,15.708842219634253
GENE_0063,2.4588587299830396,2.5421510290651628,1.4702492408716492,2.3146607739321987,3.373200501685681,2.5650894426163497,3.2609994804418996,3.327527753325016
GENE_0064,1.7381882762552723,1.3140812022721948,2.1012089548139397,1.8050288100258758,3.1479444063837345,3.8536335044591814,2.731253680414971,4.754073440699403
GENE_0065,102.36840530701296,101.89930884794283,102.2290942994915,102.08764983518367,102.48220207906448,103.29970854459624,104.11742481125029,103.60752411789038
GENE_0066,302.4982322942581,302.28475393777677,302.53625663902915,302.4458273088811,304.15902126008615,303.8197130617775,303.84702444517217,304.1912103489528
GENE_0067,16.780030912575715,17.0030638304128,17.41156548829653,16.65982312564614,19.470190190515623,19.054854833236966,19.162906798925345,18.799936898466413
GENE_0068,149.16310382276978,149.81377775225857,149.62031148135625,149.42524596738912,151.17007140398383,151.43644725654974,151.40056378990462,151.72162538438465
GENE_0069,40.83839683283604,41.25932404875022,40.93087065207783,41.826458849973776,43.26980180276457,42.372320073638654,43.324989440223305,43.41516364584575
GENE_0070,5.422183353785454,5.631588563517061,5.3689215957939584,5.805502019670325,7.303612605569052,7.825835551017679,7.176474015046937,6.479496535737378
GENE_0071,41.38525814600309,41.36565645858247,41.618012036132775,41.669351877623576,42.25653878246088,43.07649111113431,42.1113474642064,43.167122471607364
GENE_0072,435.8193355106396,435.4595165651239,434.94011749000623,435.6872435334989,437.23308422163177,436.85763522072375,436.6168150590533,435.9021992122458
GENE_0073,18.794794741525514,18.719763096714342,18.784783909046254,18.723313806684697,20.207977933205633,19.524159848951484,20.744155332818384,20.18598262992158
GENE_0074,459.043112363681,458.72394485506715,458.7018679809367,459.16803723454535,461.40970958675575,460.5946058158648,459.6558190678479,460.72286045313695
GENE_0075,0.35533446424503495,0.4053928357241302,0.24644178462004612,0.0,2.026234219436986,1.0025226063457986,1.4821280296210098,2.1662000222349262
GENE_0076,103.27574465306854,103.79095827082251,103.92839280108167,103.8442633889628,106.01452609931758,105.58174223058793,105.42301980281819,104.46647426766637
GENE_0077,23.975839616527477,23.43818067949698,23.420615704323254,24.08988659402625,26.23198616773803,24.97401044326879,25.072710343057636,24.565536020195417
GENE_0078,11.276341978430468,10.916647871974604,11.394504226601528,11.406247751415021,13.1206600952303,11.349869171933324,13.609825041976045,12.155382275379104
GENE_0079,23.688008878267507,24.58181268919175,23.911207278962046,24.08975086929716,25.832787900525073,25.19279859435604,25.6288856320613,24.558847388215753
GENE_0080,0.7202665819868004,0.6322068916587695,0.1340646379204074,0.24208358956929824,2.280462205246037,1.4044603339207977,2.865661354057065,2.5501737188457008
GENE_0081,13.045857821664528,12.839713259093845,13.004479658585486,12.944467287073183,15.156206370435198,15.398570832708321,14.010355166713518,15.788709074221511
GENE_0082,40.90219850024795,40.92200756312266,41.37137607924681,41.20714689909693,42.71371256804259,42.57708675570919,42.29938694288278,42.993810129968274
GENE_0083,386.17081295555374,385.8844878803567,385.67623185002833,385.5478219508818,386.481507348023,388.8964259830515,387.52142537615305,388.58468832130063
GENE_0084,7.8051380284157155,7.746954566142649,7.142434126028788,6.435075885133226,8.432407604946484,7.30124138988185,8.324503757990081,8.808247724444332
GENE_0085,4.041455122715755,4.101475881867672,4.1155401962973786,3.8217341913507314,5.7229131402450975,6.163855120072785,5.908564346717988,5.789592369243756
GENE_0086,7.4376020572176325,7.492148375484852,7.571067563506475,6.996922153553284,8.830432186661445,8.36292410832725,10.383406418009248,8.479427652660315
GENE_0087,125.17389197619224,125.62078528226387,125.36463271263749,125.15925818676013,126.38763184322474,127.03278421906698,127.10965182664697,126.46320267025894
GENE_0088,38.50944357435434,38.83603363290174,38.65428853346879,38.72006278954854,40.81298808887191,40.028859532198176,40.79258188572816,38.66875404519803
GENE_0089,7.2111898805536905,6.884376491844206,6.713812069395801,6.826114612883513,7.24652663425181,9.40374210553562,8.366451341816182,8.950060159606776
GENE_0090,55.80947189253738,56.00739208558455,56.092140205223956,56.50203730065127,57.61903363617801,57.253747154603104,56.885551971022004,58.00822727914898
GENE_0091,24.41102808612764,24.368077837137605,24.067916511366143,24.48758164434252,25.35180004267349,25.660761802481122,24.795101794451977,26.096285403396582
GENE_0092,139.24868509041613,139.38081565349273,138.5155771793973,139.48212463232892,141.13464797566172,141.78347073495777,140.597967865098,140.8625585607458
GENE_0093,5.0764299899250656,5.151024905292242,5.063703983448448,5.119398185414168,6.372659670586675,7.0670873448915135,5.900492865784988,6.125225557309314
GENE_0094,10.529988468336159,10.445473602492264,10.701070289075933,10.088239901415845,12.157101643204653,11.596835806620263,12.1304694543515,11.609089387189506
GENE_0095,9.479853647910282,9.388383687797587,8.459711933970361,9.480325200858994,10.491179448999615,11.66373759359135,10.608602857187769,11.042148046634766
GENE_0096,0.9226934574146319,1.0514834030384812,0.7727791656580747,1.052969091110418,2.54136404270455,2.403653017144057,2.450165480144426,2.4219854003148247
GENE_0097,36.23438887131578,36.33894190899862,36.50109763020535,36.51649553707615,38.154203595503624,37.82108314931531,38.176664987403036,37.366513415554536
GENE_0098,33.562178181658,33.25634709103306,34.4730559373062,33.53425012648064,35.71096455558248,35.36299991910319,35.18231389666951,35.31654264171732
GENE_0099,20.15871595011261,20.566902230546187,20.298242040438065,19.825876298330623,22.08726899163178,21.826762739221127,21.535105931408427,21.942543721490193
GENE_0100,12.677066412889774,12.667822807745717,12.345475382607578,12.809243162383828,14.206234173372025,14.03177286968244,14.490969972024898,13.842542073669474
GENE_0101,1.4115228773710786,1.4838293253353687,1.1295573600460211,1.297349150206728,1.7680141965712366,1.6871347155624052,3.1340226319841435,2.3340374082916266
GENE_0102,8.383303915081653,7.791076898876834,9.072416438079395,8.389338046027687,10.773644775635137,9.554802155489968,10.692039282671413,10.244182880696314
GENE_0103,10.381461699889124,10.747092335291644,9.926790670120065,9.859680999475017,12.254711654371699,12.911059998799773,12.235262413473622,10.989706864444722
GENE_0104,4.443463756729866,3.994895510641828,3.797014797093304,4.374402834412811,5.715177681350864,5.980072839068023,5.969339301488187,6.0028291172495605
GENE_0105,14.671667496250365,14.88009187030451,14.402813968628644,14.190813457423056,15.495532173465582,16.250956237079077,15.920112475018021,15.725587826491903
GENE_0106,45.62785044549783,44.752839923592745,44.778813119252796,45.557613587707195,46.690162753070204,46.44910361648659,46.589535331032316,47.162413609568226
GENE_0107,873.1487895887499,873.5647585199997,873.4177274432793,873.1107401280865,874.0529321772401,874.4998492117961,874.2623907994574,875.6685547048473
GENE_0108,28.105280413879587,28.162652155920917,28.96608036241388,28.670194402555527,29.60320216333113,30.981563960561985,30.148492796212487,29.434724501058156
GENE_0109,33.08569988178298,33.432185268245526,33.71623973838907,33.52073041372957,35.61373752195167,34.61426680409173,34.788377693499754,35.65602063574335
GENE_0110,17.755763527669078,17.88115964038236,17.231244183584437,17.487906463547027,18.254504576839857,18.798307149918166,18.595823703465015,18.45488825371849
GENE_0111,0.6290824836664504,0.37556806653122904,0.3452294060855698,0.26953858612597525,1.5473374622059026,2.515996082152935,1.7128003701911936,2.6511093145358693
GENE_0112,19.031517744845207,19.11342300807226,18.579235903509346,18.999355274296654,20.065317996619015,20.192919184247405,21.211905757862933,20.445517481674027
GENE_0113,22.740799475247023,22.917829206557702,22.921741820495225,22.669084639969793,23.945931553596406,24.882475494094678,24.569445197215785,24.708684087327576
GENE_0114,2769.3344761283442,2769.820827408925,2769.64877168343,2769.371466605799,2770.565427980255,2770.5256380719907,2770.3162907871997,2770.7635758603988
GENE_0115,14.404742949065144,13.716143026723168,13.616873381102907,13.893264658806133,15.545145036724762,16.19369514748184,15.120686431794983,14.914228309572193
GENE_0116,36.750436226159,36.821158172306305,37.669602141919896,36.55770580162496,38.53790882265212,38.24572334322825,38.37845433018896,36.930092355176015
GENE_0117,18.771247788228276,19.45945402541829,18.828055222356515,18.6698493752448,19.921042644224,19.82133883333382,21.418919595427095,20.59908910855283
GENE_0118,2.1576445353218827,1.9226289090421995,1.7143772331237197,1.6416097357697215,3.0866174649971616,2.4096629331821644,2.293936415763702,2.923620622187427
GENE_0119,197.62594494881344,197.54197189330694,197.35373490043077,196.71294208165384,199.64317986388528,199.11267367916668,198.18544508958286,199.37473416727696
GENE_0120,90.4329822087086,90.68101332022714,90.71035071418389,90.3085086726448,93.13026725461305,91.61430789218358,92.24248987989104,91.64759641920129
GENE_0121,97.47871908391348,98.04751920043446,97.7498425437084,98.43964604703095,99.18543264057122,98.50018041241601,98.38947115131974,99.0625097168166
GENE_0122,3.3998040558143625,3.614472640341678,2.8268801551783542,3.493744835042971,4.6889970963088095,4.795152035884785,5.058153791610511,4.298421823221463
GENE_0123,332.7152542983715,332.3422660160378,332.42641562980157,332.1448688355087,333.92139877051386,333.536075181853,333.25563786901677,332.9877442648546
GENE_0124,1.6205153453976697,0.8739878577320314,1.0164461058894783,1.1380220827886962,2.9610123852387344,2.8347714778696003,2.913611458071821,2.965068200561787
GENE_0125,65.4342203593004,65.44629383099891,65.51825370417384,64.96300413915219,66.5094946097648,67.17943280303292,66.90772243645756,67.73620394282558
GENE_0126,1604.8983428995982,1604.707803984622,1605.375722022242,1605.21584333708,1606.6632078053378,1605.719580092924,1606.588346237145,1606.1334025944875
GENE_0127,2.4733402446172814,2.8610123302665658,2.6360251219972306,2.4159778461022023,3.7365546379787666,3.579547732246016,3.933200339178224,4.954470084404015
GENE_0128,6.4337420496517455,6.245195370675832,6.855783034202173,6.805774634082301,8.840000269869682,9.100049569329153,7.744452279469818,9.006270389511375
GENE_0129,24.532147840056336,24.49618886239183,24.535787019527948,24.7300447610021,25.918857422195856,25.18498939442521,26.41905031737234,25.364084690995632
GENE_0130,7.666128057175848,7.436499324725608,7.593702704171229,7.553326319346944,8.488276139133701,9.4761482186977,9.014380581487558,8.22038751207492
GENE_0131,0.3958982307751878,1.0000447843247156,1.049057464877976,1.0351803413325518,2.4479932061211374,2.461039361523726,2.1581593032978956,2.3324710378758686
GENE_0132,23.496425606586353,23.164136737018755,22.783653514250908,23.043445508056365,24.657730626838703,24.3484187245131,24.797688761230056,24.523304080912034
GENE_0133,2.3524148418527564,2.8839305921440475,2.2067522617312147,2.601675582216499,3.0934042393933523,4.3642087953781274,4.212049065406355,4.879539735393475
GENE_0134,51.66130285230411,51.92542746374253,52.09835541856268,51.96691141341075,54.130228889047814,54.14856909735217,53.76748920150692,53.39630648773268
GENE_0135,2.889977388069293,3.120361710060149,3.093176101015381,3.0873964873650364,5.224258729155567,4.764666245568768,3.698727921316218,4.057729417404177
GENE_0136,445.30282485235847,446.08850800440473,445.6781873149456,445.62720132204913,447.84224586481236,447.185205846046,446.450118906556,446.9378118062956
GENE_0137,4.440273826955389,4.550163798444207,3.906785877962009,4.223879540345411,6.226288214433344,5.563625743724697,6.090043381488729,6.863689007681535
GENE_0138,10.56936990278426,10.17909216808664,10.674454232305777,11.012080558076295,11.819186458077834,12.327371611324484,12.045748902929772,11.459409016957185
GENE_0139,101.82351403196779,102.38972232284506,102.82925977766304,101.83877017919393,103.63748108034945,104.11903434129505,102.75912527533647,103.63048899932605
GENE_0140,1.324519447087033,1.9233949013993872,1.3927832044298358,1.2727854989803857,3.1986006482407636,3.352499691180929,2.033825663766553,3.7604266935127857
GENE_0141,31.555016570385867,31.56648292916491,31.663017817174733,31.70518023254386,34.12192927270108,33.31611552164909,33.11289590059043,33.14954466780624
GENE_0142,274.81801824728234,274.730023833689,274.74097795632014,274.3325781002523,274.6882843109021,276.5817209635171,276.1241039747627,275.6264834897386
GENE_0143,0.7286910792639213,0.7615518085632447,0.7826760672992882,0.8585709839841251,2.0027311559666425,2.200235953039791,2.755812097921431,1.4483751927189203
GENE_0144,28.606298257318077,29.094914079294973,29.19295268212843,29.13042710262606,30.06020414878361,30.70256528825403,30.770218398496535,31.306660247260762
GENE_0145,33.702787014097986,33.724588386038604,33.4577918748797,33.70954925693332,35.16575149743812,34.27375426169007,35.921688495044215,35.80003393695417
GENE_0146,95.85077160864961,95.93726239384836,96.06108080873621,96.37954771115453,97.4321822008197,95.78300967611078,97.97921859697279,96.7996475548005
GENE_0147,0.8832509772687493,1.3634344440826602,1.6361736906498563,1.2120457766082662,2.727351593163199,3.4641031791229215,2.7123534399199034,3.0418708633656126
GENE_0148,1.4157325981790556,1.000005793356111,1.7277400568383583,1.1834719507003255,2.1542640202927847,2.948430875251261,2.815963756039226,3.216586281230853
GENE_0149,56.97815558207054,57.52578746010064,57.40365175660257,57.01645951308843,58.49678875703936,58.524906724160346,58.43572761094982,58.24296866321078
GENE_0150,36.58704926203673,36.124098948097206,37.15505644519829,35.88523070924646,37.70054939107109,37.870614783813345,37.9721615614296,38.288579788095454
GENE_0151,33.70279680394995,32.85069227062946,33.32199992743042,33.09535365413672,34.79677496914834,34.74032396491892,35.71143793316016,35.54137212569493
GENE_0152,40.49897125675466,39.51498471380922,40.25874064286498,40.65944279760874,41.93218332475914,42.39013114488938,41.422873517570586,41.244038403188554
GENE_0153,5.074248023513897,4.963226106373496,5.213229921153547,5.1611805771691355,5.354658147577804,6.831402207159314,6.927634646037904,6.229122034341158
GENE_0154,31.62875409393423,31.56378492853448,31.854761978713526,32.02992213827234,33.58247501393305,32.839554119181,33.38313350313495,33.36381991571552
GENE_0155,36.86666846932148,36.58726507638743,36.19620568138503,35.71661109879475,36.8780382517689,38.134552692507526,37.37104907479387,37.694203695759555
GENE_0156,4.830652780388355,5.115832376986798,4.7242668271423,4.627978827772165,5.75360691057352,6.313563801527306,6.953932284881466,6.295390080816968
GENE_0157,838.4492093899729,838.2385854988457,838.4955688952799,838.3324716883018,838.9987371131691,840.2104524843076,839.9191178455168,840.1688441322416
GENE_0158,51.80704531712486,52.49001358486116,52.20956210394025,51.71896831423099,53.636061329425296,52.44963419265014,54.491062810588,52.84196487578492
GENE_0159,1.913513566613548,2.14861778448067,1.5521253687992993,2.238581276884322,4.0699603544453655,3.0773215828265172,3.335840315136513,3.813816740839296
GENE_0160,74.62884331588762,74.57470202441222,75.01411500780351,74.83945875768234,76.49471904239273,76.87799486637682,75.36637806658058,75.18838671370273
GENE_0161,2.687372446137182,2.109649333739181,3.2546055684032122,2.5260336611201435,3.703540972405927,4.2578735893460005,4.940564637479406,4.414750823528353
GENE_0162,96.78340476178309,97.63474521593243,96.91204188605788,97.02141387768481,98.40689358905757,98.46895283248203,97.32517701369845,98.60650074174599
GENE_0163,203.80077948156838,203.3937337226041,203.1740489929306,203.96007198718223,205.2602287729997,205.28828715389176,205.09495416096885,204.68721469874342
GENE_0164,3.727852608232699,3.3972604154857606,3.7085334434444985,4.232924751129208,4.759075453723995,4.566413610827602,5.257497964375073,4.181056820058357
GENE_0165,137.71696673061666,138.23759159502268,138.31991882938814,138.40498267139031,138.99260101893304,139.57225407325055,140.0436458839339,140.07424938498073
GENE_0166,45.89048800663624,46.59048466023045,45.85169851963901,45.55403068078031,46.07250319301474,47.37810772512792,47.79804596807315,46.62180295909794
GENE_0167,103.89537040966162,104.38714542044103,103.6720729051994,103.72860632152478,105.53135398540816,105.54258961103882,105.02757871939491,106.24801446781717
GENE_0168,892.5580950946116,892.2760699340525,891.9554647216684,891.7296238403624,893.3161669485663,893.6608321151549,894.0311957660089,893.7448751673659
GENE_0169,11.500091343574583,12.473808588592073,12.547568294043852,12.225176328360392,13.912760432388898,14.245926577963292,13.155470918588627,13.19532605847652
GENE_0170,4.775777280035697,4.70434989209305,4.612345294919372,4.588232736792858,5.928031040579079,5.693944806206003,5.39496376926501,6.567697297857452
GENE_0171,3.764304325172962,3.618157344359703,3.318799137672765,3.686679122400404,4.20857419154641,4.427914402781731,5.24111800259706,5.1977038769764095
GENE_0172,3.3069612795544225,4.01333577646768,3.818931025732461,3.9061930421841105,5.90770941524477,5.610357403522655,4.302785041853446,5.509028837045593
GENE_0173,17.11246028746385,17.24652689687352,17.097739120974808,17.119312308711503,18.13483328471473,18.130273796441468,18.6520312658238,18.332187580208515
GENE_0174,39.62641041389188,39.719064735320764,39.46111961834107,39.78337007136525,41.46420407375454,41.00076696984064,40.42372339109687,41.42489512928902
GENE_0175,34.50898792030113,34.70505205205647,35.41585413555731,34.68069855822747,35.62756651403025,36.32414561925737,36.9529178561118,36.20429191658892
GENE_0176,104.80930918611705,104.95845166933428,104.94595805163091,105.66951580890274,105.57764886621601,106.81026924542236,107.15457393845186,106.41703222901607
GENE_0177,20.281514263497318,20.10679997287845,20.979834573384714,20.13238870900165,21.486189436019135,22.132001833653668,21.67172373529006,22.09006128470429
GENE_0178,368.15243009124185,367.5972470701763,368.0831437737915,367.6821711318835,368.4066070533633,369.2351665979184,368.5319896366544,368.9252127726434
GENE_0179,12.111267296342477,11.533986446252964,12.130057047842628,12.437645644167132,13.846823267469622,14.59477987678807,13.526551293413046,14.23418565481768
GENE_0180,4630.50270975411,4629.790166430447,4629.9917571317965,4630.123283178979,4631.800022805009,4631.424688406878,4631.7044871180615,4631.910010150068
GENE_0181,70.41554581749678,70.25301244362984,70.32016322538479,70.14203248778335,72.39199808692928,71.50235467709118,71.73898356878354,71.8957668292534
GENE_0182,3.2784289135112203,4.034745130779769,3.6098857629591143,3.509910818033261,5.2876020679963975,4.744478806785903,4.721058314358763,4.8618755475817075
GENE_0183,2.201590143672857,2.634441205357483,2.087835665337751,2.3048287190280665,3.2082769733874774,3.4893747786564453,4.199936981389205,2.692276570521536
GENE_0184,52.864173286625245,52.24621073716992,52.81466870277335,53.12921546065983,54.27152751737958,54.2936715268371,54.191267557476884,55.208167205437036
GENE_0185,12.479900564922175,12.549650466618658,12.492826970241818,12.182980334190907,14.056956751756262,14.288088027313565,14.555634531841179,14.146731299628678
GENE_0186,83.97770413050722,84.04603595785197,84.12010841799398,84.2238347118444,86.02393884062987,85.18838191660495,84.48589089680621,84.44119336545856
GENE_0187,51.68053222720583,51.45788362859178,51.61324465746375,51.32544270091823,52.79501580038267,55.17272471500731,52.82931908618159,53.8375743704073
GENE_0188,17.250565379216024,17.295621676481797,17.423359518242755,17.28301592271058,18.849188829213325,18.58442249663638,18.684896969211596,19.29727025845384
GENE_0189,3.9061898613420745,3.8579175005883926,3.7778882323448695,3.564128544791428,5.8664154099315065,5.367206439473001,4.30083253992473,4.800935551345701
GENE_0190,1.104021092542386,0.6802387626374833,0.8930706069853508,1.14730808002779,3.5692928381586984,2.3936662624677814,3.1914539631420684,3.059551942719999
GENE_0191,8.11499787704822,8.254900378637732,8.399295867236527,7.743850421228819,9.213439491906245,10.081194924560453,9.380768279510626,10.285299165842675
GENE_0192,111.71107208900592,110.96306549952119,111.2208020510099,111.50192494782124,113.14621008568447,113.24688910532957,112.91555432279122,111.80114253662191
GENE_0193,30.496410161260627,30.640318866355233,31.082118348777772,31.428022046526653,33.44976289152173,33.32823547004093,32.884132081251586,32.08332840684859
GENE_0194,1.8476131305778507,1.7587670287373327,1.259038544420547,1.2538802471167285,2.8136625747072035,2.2668469048404347,3.0252594311933625,3.3274537595273763
GENE_0195,28.577155253568254,27.92132675611824,28.437138750041665,28.45613672646086,29.231862742382123,28.9674190411018,28.918676686409576,29.05622723702976
GENE_0196,43.3147455516744,43.539751904856715,43.98928818318608,43.20901483012962,44.39701450106407,44.56514437810529,44.63382351709642,44.99006979050912
GENE_0197,3.526896328303842,3.4231650819532025,3.1289570242495346,3.556822583489118,5.609942454363721,5.306182702816243,5.596823940269282,4.093670823786076
GENE_0198,26.940054077177006,27.48113513641774,27.112064658935143,27.321132483317324,27.480147288033887,28.13234638738706,29.0287116355786,28.353560918280632
GENE_0199,22.84260082170754,22.632566956164865,22.719565070843142,22.372946643232176,24.06585418656832,22.84151496780091,23.68006982506094,23.884492359161776
GENE_0200,1.9867941921847239,2.451506962109774,2.0961393676994997,2.1886265185789426,4.159601422497724,3.761038325994243,3.8643616816058586,3.5469798666388535
GENE_0201,40.92537418021073,41.11975843716081,41.18738011614851,41.623495519302466,42.79082141098816,43.023571287932114,42.11894383802925,42.29841222173457
GENE_0202,61.970610546522465,61.52708611643382,61.8026639178157,61.59863664125321,63.695924338419275,63.04658859901754,62.46726579262263,62.542188311815934
GENE_0203,175.01923828957808,175.2672306476506,175.42095783730943,175.44646877938536,177.44536745835157,175.9628753206584,177.00515034318562,177.8940081173956
GENE_0204,164.85136267650523,165.43689047412522,165.60681101800117,164.88591917805294,167.7204468359031,166.03795299445807,167.33266972731553,167.52647438812386
GENE_0205,0.8101998582143577,1.29184663136924,1.4001342073500826,0.9902576972261262,2.375822998594649,2.7903437513368976,4.1412544336698005,2.093193922090476
GENE_0206,3.260018098190096,3.090392620147569,3.0058378164008417,3.2199369961505178,4.5532440857825645,4.35734127515166,4.953235332709499,4.743535756766686
GENE_0207,55.88075091192687,56.05428221133373,56.466651828036575,56.710114526236545,57.422016344969414,57.854541573033394,58.76688012463745,57.85726484169504
GENE_0208,56.65090819924052,55.92559966937992,56.69443452511377,56.2311539492809,58.046736763561995,56.60281741685315,57.226251296775835,57.778703015407594
GENE_0209,55.641698430708196,55.845495671533406,56.22648712915854,56.17235984391637,58.11105227655673,57.46507137896495,57.53992397125074,57.50260351991482
GENE_0210,44599.34236340477,44599.35829951724,44598.54106770288,44598.83321391591,44601.0280631616,44599.7822336283,44600.35296930059,44600.57317266806
GENE_0211,62.978079523087985,62.541615312309816,63.24689848371329,62.53965196273628,64.76099251658955,63.8558310865804,64.28585401115319,64.93280539884799
GENE_0212,194.6070119252888,194.42815429951114,194.59991150966383,194.81738045675652,196.00671574256518,195.47225723467656,195.77452858036293,195.8881260525457
GENE_0213,135.20540839504417,135.1533619414161,134.71708325728267,135.6335840397839,137.85245541398456,137.3521087861193,136.90412769174006,136.8876296359184
GENE_0214,74.02488997087048,74.1736264496482,74.15937563970998,73.76952203671493,75.74697659498041,73.83570206288839,75.7118997652045,74.87226887961741
GENE_0215,10.680342992994094,10.60314850023394,10.531034947935371,10.550620759393698,12.669739190241849,12.518170364780145,12.396213627847446,11.863209892507253
GENE_0216,91.97745905577601,92.02079111297317,91.6193085064798,91.72623196006667,93.4073599932611,93.3781905494652,93.38724449334815,92.19805175197453
GENE_0217,4.315965913678732,4.079650431806959,4.381291718250824,4.150681698267941,5.141038420290544,7.682949228239518,6.643691582009973,5.922958110421115
GENE_0218,12.553019819968663,12.591627540197239,12.565079195463818,12.488089507142352,14.011274668295469,14.459421181168194,14.109701955453922,13.331069008321572
GENE_0219,7.499468538157696,7.357948085843926,7.821387746963564,8.238468738571807,8.563193684785261,9.216346783223857,9.068449956993085,9.142554381056335
GENE_0220,23.642027192052353,24.30265561750069,23.52846496799772,23.585003168944873,25.55691484983402,24.225278382128096,24.593174927632752,25.272678469770668
GENE_0221,2057.736783737965,2057.2881636815887,2057.7983749467503,2057.536941161691,2059.2056200676216,2058.2471395593416,2060.338977887069,2059.613930954865
GENE_0222,0.0,0.572676907794015,0.40186669145073156,0.285468153035359,2.2067542581160686,2.913069665592168,2.141854309952989,2.4802387770170564
GENE_0223,78.83864738683914,79.4332360777505,79.46474615773711,79.46636060492084,81.11069880935223,80.24891414941601,80.63853791140565,80.46944041377918
GENE_0224,1.0211507680855862,0.9223112691142211,0.9827817850826877,0.7438042879133407,3.0902720106595507,2.3515152451715773,1.742706201572768,3.05695732534132
GENE_0225,7.866973209054548,7.760127279952853,7.535081967002787,7.620901666119737,10.046365246606154,8.442401691464976,10.759267327481247,9.441703236260528
GENE_0226,177.25508530263687,177.27133409362264,177.63607493839518,177.70667151322456,178.31745233464665,179.24505264825922,177.3224885666678,178.2819352328378
GENE_0227,22.846595768503256,22.854209030177373,22.680276555049424,23.26694648993773,24.221079016143463,25.424536586007846,24.189821877569894,22.96557229715494
GENE_0228,2.431112929922706,2.2827378178256583,2.5692557577985484,2.1467113485925933,4.854090645621803,4.357622658987993,3.888214012424128,3.9545991078394924
GENE_0229,4.641801529095011,5.092893168226293,4.913915627208222,4.243767447779635,6.470658665378971,6.082110927473751,7.0816369155448236,6.759149146703748
GENE_0230,77.96071029222699,78.8573586103251,78.74565681288622,78.49645581679877,79.52910019954855,79.0036365913692,80.17897095869905,79.36262442702927
GENE_0231,4.719924727746799,4.493923615715144,4.5941313565059385,4.455782203489493,6.321478732280969,5.633134681245181,6.708286379241637,6.263308960202144
GENE_0232,30.673335122220166,30.555906061630953,30.862051916669216,31.204034635253507,31.95944730256154,32.89617454147028,32.7049617369966,32.297972569302274
GENE_0233,22.12470292131774,21.97574248009802,21.99640121283708,21.411195949289848,23.135665143313485,22.591251915384273,22.660375369101313,23.717063336469124
GENE_0234,4.945679882149525,6.2303677647171725,5.365501028570595,5.72423416491067,7.648220200940123,7.2522157154002,6.9700046255737265,5.655410078860947
GENE_0235,1462.787686176874,1462.2378371152854,1462.718922056259,1462.1155879068922,1463.9348300336849,1463.4353750388564,1464.2201398812351,1463.6958240106921
GENE_0236,71.50895530767144,71.85891110458076,70.88228288041655,71.58640529866749,72.8026247042145,72.24082909105726,74.18864097303293,73.26752306868515
GENE_0237,0.4266468907250701,0.8531482146538396,0.03373324468700123,0.35411989078183764,2.253018622677071,2.4300271541872784,0.9136706937103892,1.707940720574661
GENE_0238,29.458036139070316,28.997152371374263,28.842887967412903,28.877047018067667,30.1384688602324,30.441769029763968,31.27471952536772,31.113100091557293
GENE_0239,5.846061758173845,5.517114348590654,5.631511702427145,5.224308530957038,7.4050227884400455,7.461882334136109,6.52687007098029,6.2800009497383575
GENE_0240,110.78786416773177,110.9720721351649,110.99673716000092,110.68944868531335,112.70870370994733,111.54002368511503,112.61291685041849,112.19345412248138
GENE_0241,3.5640534611595003,4.002577408262748,4.084980964997753,4.148084066493564,5.7470250416211925,4.480962640982936,5.720979726373065,5.609561364371695
GENE_0242,15.583175205575149,15.90597418756515,15.916401778638855,16.142372189737603,19.040236382464673,18.069466066965862,17.19457348684097,16.69965412323621
GENE_0243,54.95802195916686,54.970963258290965,55.16648318140951,55.738399707830204,55.824222303629504,56.4470249360107,57.021389631583304,57.317868416471995
GENE_0244,113.47463925423259,113.16238491996147,113.81537542995179,112.99753945565601,115.66361805846682,115.3665742877179,115.41845931995879,114.9915757887328
GENE_0245,1.9763366489024943,1.6262556792419551,1.542833002504585,2.3062027152523443,2.475770050755234,3.0350998319757845,4.288369158124197,2.4878704696758502
GENE_0246,10.07047604212753,9.921017106044893,10.359709880894005,10.319505967330533,12.085177025770967,10.962189123461435,11.696018591271647,12.147117263150136
GENE_0247,7.824780817103765,7.778975828238409,8.06131007669537,7.499115573263703,9.561800944085299,8.697778656513071,9.010433331213742,9.422294366771597
GENE_0248,5.211005499381896,5.2066284097703,5.587948630069846,5.038526291366195,6.225738055447042,8.089274949329909,5.832388991821549,7.319455118879847
GENE_0249,685.8377100313143,686.0913011457491,686.0780398571915,685.9644292549788,687.751560563785,688.1963159138131,687.670373717802,686.6686689311117
GENE_0250,44.72678905118992,44.682018686383294,45.449101208014525,45.425282413821726,45.658495288249405,46.17778886412902,46.89007610939437,46.85917063616156
GENE_0251,1.3362498804459682,1.7124839239435765,0.8022501663794682,1.574955118165979,3.941486314059583,3.4751132532623616,2.961508601857832,2.8147940822270727
GENE_0252,125.52420461341906,126.17976868358664,126.13307259096324,126.38305647417816,128.0506951456637,127.63377626131854,127.08353891118018,126.88086563687888
GENE_0253,1399.826072857975,1399.5207141410967,1399.92261212893,1399.6834821268528,1401.7984232474544,1402.099454739328,1401.314680469099,1403.3550674173987
GENE_0254,158.68553089639798,158.4816553283699,157.8202484883587,158.3658116730618,160.3532462064892,159.189158386446,159.0058805680731,159.61358394431815
GENE_0255,0.677181195695688,1.3303015600872585,1.1153616422027652,0.5862828290213352,2.6236265127676086,2.3712497764603016,1.8927326627894074,2.2101040433311088
GENE_0256,8.415473586998202,7.262866661939624,8.037856531095873,7.734848532334476,9.064305834598237,9.052803733030633,8.647335225856454,7.7104303047548575
GENE_0257,253.25751991056165,253.6112962563487,253.0682899859091,253.3755907573266,254.22749786717517,254.22252490303984,253.95410774079986,255.4755329592788
GENE_0258,4.933088751576987,5.003343617278339,5.163500278629407,4.751409376364209,5.794042911977722,7.702508637135122,6.392571038303762,5.605603667679773
GENE_0259,48.538029789576164,48.58403356690301,49.27922060102713,48.01427296664239,50.54971983323794,50.332891650147374,49.28240797375832,49.63821765599442
GENE_0260,94.77326580772767,94.54644212060765,94.95764717998019,94.62285728794392,96.96815391392803,95.61260439438058,97.29103900482114,96.1534571578765
GENE_0261,2.9733314676569744,3.313520889284823,3.6380121743397242,3.277044381048359,4.715826472638823,5.241463547218524,4.89129360182476,5.363057888881719
GENE_0262,17.867795026746176,17.853993699776293,18.05383032967414,17.952480508841077,19.11289872808121,19.184467363298854,19.142334410756444,19.87280540946624
GENE_0263,0.798754784459676,0.19235622071294833,0.053359514649515424,0.4014640805256838,1.3470288647109343,1.6665825550440525,1.868523503650192,1.1574128871036682
GENE_0264,2.560060392819165,2.3126762848127504,2.1082886191674097,2.2675622588418456,4.485783466620683,4.189983021310603,4.412871529248977,3.821579311377718
GENE_0265,12.464863403017915,12.170889652343037,12.046262658693228,12.324146236767348,14.028739388389496,13.657896790300788,13.917295775979014,13.352050947308701
GENE_0266,1.4450944017961473,1.2319329802624195,1.403073350739056,2.013799583077306,4.3727592513495255,3.4081114070811562,2.8216092728832973,3.1302202674681694
GENE_0267,525.7378175227567,525.7149462515011,526.3995968851551,525.2147377947038,526.7990687619048,527.1011527905173,527.4394506064766,527.4729128440309
GENE_0268,1.6811887887985624,0.8787763056684725,1.0971828543782085,1.2458441458836025,2.5973669222411413,2.0432350874624676,2.300166969475586,3.1103610101498207
GENE_0269,8.14230615374824,8.10973728830764,8.367357713119915,8.179142321782269,9.791190339181085,9.469185224637307,9.471288999286863,10.375507934074433
GENE_0270,26.631883689055044,26.4589770742191,26.253594734468106,26.063692319725472,27.852453915490422,27.886977862841185,28.18922797943444,27.348123053776416
GENE_0271,358.93391767264876,359.04898512819045,358.7346728259239,358.8258950370736,360.05200044397424,360.456071253666,360.87152618683547,360.60694939512337
GENE_0272,0.9681263581088387,1.3196078271492722,1.645381703006345,0.9906978216430533,1.9764123416881971,2.225729487975846,3.6383789048656086,2.958504942562573
GENE_0273,205.87094434268488,205.35352819156645,205.49442721244787,205.47850959721973,207.56889353649527,206.26733396558618,206.77503570207537,207.34451387896846
GENE_0274,20.79261168816099,20.405922818364527,20.55922758984414,20.511091078519375,21.896827544886634,21.23306625739096,22.35611956712277,21.209060667850512
GENE_0275,3.007236266400486,3.184622587729082,2.5979521020259124,2.4945194960764865,3.715210103310833,2.7784733918279256,3.4196979763694335,4.21145235244506
GENE_0276,50.141856069108215,50.65543855916732,50.21691673170914,50.287175946409796,52.705182237617194,52.20374583985004,52.73939178823232,51.76433354791009
GENE_0277,29.68966109648758,30.603601111229548,29.724271521963455,30.11161423412199,31.916047678084727,30.55923999544301,30.665287623458507,31.998530492545314
GENE_0278,5.9727683820564685,6.165019324540232,6.0359129336073964,5.702385762174323,7.541722987584583,6.695196877849534,7.27637445926756,7.348467661327594
GENE_0279,23.072393435646646,23.15233819932367,22.96593279702148,23.294617214649424,24.615993135606637,23.937985349069123,23.878204897140577,23.998881259937527
GENE_0280,9.48023671988511,9.201300151359154,9.086308796657748,9.432812478476091,11.214896431603679,10.950199498209006,9.880505969495147,11.031798141307345
GENE_0281,25.25811629733257,25.24486826848728,24.782910757951047,24.687063978415416,26.536309584164226,27.706308825076007,26.46799052128697,26.39177192371479
GENE_0282,75.1091136230501,75.46397597974897,75.48478525887452,75.30644753496243,76.8298031021907,76.15576635692561,77.42671320562444,76.89728822593067
GENE_0283,479.2736096291491,479.3719828768539,478.70813416163804,479.51778309476157,479.222398244926,480.92646748709643,480.6657960946944,481.2566833161506
GENE_0284,1.8725682328613549,1.9764032043145832,1.9174092983830886,1.3950428499343035,3.315007008354745,3.3242731637527516,3.195631416138904,4.328320571685182
GENE_0285,1431.0791746083423,1430.6754406358107,1430.9359693998433,1430.7719161952703,1431.4843299863837,1432.1610020633386,1434.0471966169093,1432.0727073373737
GENE_0286,0.7291097449944084,0.005505641260688421,0.0,0.5434937953035908,2.5510090461975685,1.8413279251084909,2.021105657809552,1.7741446336807298
GENE_0287,15.076879618461566,14.275841360165906,14.733940248981936,15.061720124881674,15.93064410525443,16.192793843888932,15.937542309839676,15.774512175661615
GENE_0288,65.28398256023492,65.29862593454014,64.9205816147892,65.07076687065303,66.15156004622582,66.47349822083848,67.13271884502502,67.57831005003351
GENE_0289,35.211971146078575,34.902010877664004,35.32877321264192,35.05376780110868,36.28231765823166,37.54190518904977,35.80335187205722,36.933264413595445
GENE_0290,5.282852097385771,5.135273199554823,6.183275511247512,6.207851335950121,7.191548926513722,7.974926904951044,7.685272153244581,7.151985726886914
GENE_0291,13.375678649670535,13.363366765290047,12.684241443037035,13.768463083070033,15.634567696255447,15.176947110665315,15.453978924122481,14.138414691499644
GENE_0292,7.5555227018697,8.241116250950604,7.527724219464992,7.7868738109553055,7.58208515152073,8.654337590278502,9.101596929485455,8.97463620300924
GENE_0293,6.261178344701752,6.177883420081171,6.131664854873147,6.205300136312647,8.194288039944203,7.01483605218775,6.897233036308897,8.021722236085989
GENE_0294,109.47668607041032,110.11125787549192,110.06111266609156,109.61723092666413,111.25071289105308,111.18327698552714,110.97988504139522,111.61967783440119
GENE_0295,40.694502469972385,41.04336823965914,41.08277842056617,40.76968611012789,41.905876857053826,43.124487564935244,43.13515658016129,41.83791009778534
GENE_0296,5.339716667919133,4.994103915961919,4.798180012397616,5.180525043498989,5.731586025137398,5.662503567979886,6.060007618713644,6.831276619547045
GENE_0297,121.40135126342616,121.68894075447949,121.31750162888318,121.53873727584977,123.92335266715962,122.33637256372919,123.09886001452283,123.37813946954965
GENE_0298,37.3409029822961,37.049370409827716,36.89764501604327,37.556932350968246,37.62793938553272,38.763214647123604,38.431053454569394,37.99199013870741
GENE_0299,102.08516960477507,102.15689178615752,102.39947623351553,102.27180911969678,102.89210993490222,102.78633908963772,103.30972828579085,103.5563256119276
GENE_0300,70.7663664061313,70.85394890614138,70.76383305888416,70.30651547375463,72.91642903722246,71.55641419262798,72.61859361888578,71.76973375667407
GENE_0301,4.108212560843587,3.6263002829578723,4.3970846247766895,4.142311704367662,5.551154212090495,4.698365362037335,5.374499315081161,5.304497344370448
GENE_0302,6.396318977641399,6.848745100967569,6.532934151962225,6.251714207912288,8.39007970703256,6.8882423626604234,7.877579563718222,7.259171476327467
GENE_0303,89.56004002578422,89.47871586569329,89.31868176262877,89.41601241111621,91.2444562877746,90.17895806192759,91.04151865392106,91.38745640111684
GENE_0304,67.94520125681879,67.85716029558245,67.62976952564645,68.1589439053058,68.76979112255756,69.9834365538652,69.64829532676197,70.69339655034861
GENE_0305,19.132856372263262,19.42415819356408,18.722263337616173,19.861905487428146,21.28497666557754,19.84168409472991,20.55573121587811,20.142689492377855
GENE_0306,25.304850528011936,25.128061770515217,24.922361382150882,26.330577731854138,26.89541374744916,26.25275043707444,26.959890130976866,27.427855062105575
GENE_0307,258.6788787279144,258.62069294363505,258.6923765917278,258.7942555141652,260.35406177104625,259.80764023128313,259.82601294145246,259.0157107007303
GENE_0308,6.0088675324320056,6.149756419937788,6.3051096259000285,6.097533133314932,7.583405832454329,7.427918606154555,7.422360133216856,7.972677120446671
GENE_0309,60.367739517917066,60.31678134999448,59.51665546963537,60.151364374789175,62.646223825346745,61.58904445151307,61.5397189400801,62.267697703233324
GENE_0310,13.13644251925094,13.547234179780778,13.673336204139627,13.671121337678942,14.739805791232245,14.915773764536496,14.289623865964344,14.850013991965378
GENE_0311,12.939886207557047,12.98843961318191,12.851029385300421,12.899747413138297,13.86998086335648,14.219968297112802,14.58668919879844,14.734364147710941
GENE_0312,180.6974189503564,181.07466815759872,180.8733761714343,181.36790167461234,182.3634078718335,181.5825420142773,182.37198238583048,183.36798559054114
GENE_0313,105.10620291718111,105.08917181658018,105.15577574035161,104.7411307796324,107.73678848219954,106.16251290753975,105.96739733369381,105.61800472036927
GENE_0314,102.26791895551942,102.37629561447152,102.47800431732561,102.35827544929337,103.10519994613765,103.92997115129228,103.56200587865676,103.76032620237301
GENE_0315,273.71548347729487,273.4090359014073,273.32537092108254,273.6057073910706,275.27496584515103,274.3219263563199,274.66978912765296,274.72600149836416
GENE_0316,20.501588390741226,20.55370563294727,20.679898835027732,21.073732485836654,22.899725050338528,22.412286822790154,22.242776256544687,23.010675505505212
GENE_0317,78.64351511572899,78.2438659370456,77.91785541556942,78.8150821861091,80.18106762966596,79.38480682960781,79.70450363291074,80.98132269228286
GENE_0318,11.066029081917547,10.707572431924115,10.583393847457788,10.613963887266438,11.918607997237112,12.82597565597485,11.926540034150271,12.087511597434474
GENE_0319,38.435256074223496,38.22771721679308,38.34723180579256,38.243080351257056,40.589638995020984,39.86851380215411,40.00200007680694,40.014277186860824
GENE_0320,15.802198880946927,15.426463377531688,15.186400910281966,15.152508498535814,17.564273355632267,16.45906930602147,17.16884650145621,16.84993818861555
GENE_0321,24.230392391821066,24.40257390432031,24.346201836723488,24.517429296037246,25.899979638117905,25.755672390527682,25.949727740075964,26.51239768149783
GENE_0322,66.46633296384636,66.2024365580977,66.06658429667831,66.27720968284432,67.34504197827799,67.57068477465943,66.8891765013669,67.6202623082433
GENE_0323,4.599752562754281,3.888933492250778,3.842626331126082,4.047414985514071,4.620933708099536,6.006756664840603,5.698480316342043,4.881698578531546
GENE_0324,1319.0829431989866,1319.3377452602665,1318.9967939928715,1319.6941424971228,1320.399225803688,1320.208205512563,1320.7927165974575,1321.703904153683
GENE_0325,2.552113259031043,2.7051063398943107,2.736360417041293,2.6840852098025607,4.721981351936162,3.6034698357417057,4.266166307403472,3.760914610522218
GENE_0326,2.20715422265022,1.1784989096087486,1.9037210743857327,1.9717613761926636,4.019954407639248,4.1408056999659975,3.3389197773443593,2.0624351619286587
GENE_0327,204.08699659586617,203.33132433400132,203.28600522891412,203.28561468930516,205.48599054634795,204.4625054835886,204.87959777224373,204.821994484571
GENE_0328,97.68234915322041,97.7959808946499,98.26248687529026,97.72307725062407,99.02597013266193,99.9357417891582,99.68750669612442,99.65903622736859
GENE_0329,69.85605368526275,69.61920130753919,69.95253329070624,70.19077105766125,71.22146269714989,72.68639504978385,71.99695653317002,72.22630593613658
GENE_0330,70.49152638308281,70.75604038473982,70.58171665262441,70.83079239896391,72.38348532279299,72.01943668009481,70.88742692351985,72.54026617449475
GENE_0331,19.19621185809056,20.058772261103954,19.81201133837781,19.51135692710159,21.04527134604562,21.379470906569047,21.09079834290503,21.6877108939971
GENE_0332,3.0628031031728837,3.704027242627338,3.4083635264971934,3.316918911560723,3.7881939973339103,4.1030634324493205,4.355024273783392,4.123425339068715
GENE_0333,23.072403022581423,23.30961239132798,23.659586242781018,22.918283128602802,26.137431372249846,25.561838196954827,25.178087321895504,24.321058205828166
GENE_0334,4.954177175519289,5.631734286105514,5.270653694611076,5.077407684808546,6.889354130948738,6.35733596046541,7.467093583424951,6.786394937339847
GENE_0335,141.19836922524075,141.25337492861743,141.02504347906466,141.47588964051272,143.3355568202172,142.654256554423,141.74950921665965,142.706787696944
GENE_0336,15.037825085830898,14.86643487473453,15.076011723631773,15.140122170901911,15.70654533294492,16.025507300404726,16.246473516619844,16.38359954200679
GENE_0337,4.318741785853834,3.6695708389473287,3.5104737758134124,4.003791354423973,5.241920537173793,4.894346057479624,4.956775748678241,5.127644708666067
GENE_0338,10.262131120371691,10.47089642664689,10.594205244326286,10.576569438747617,12.4749403523183,12.427193655780348,11.433243960160445,12.27255757202461
GENE_0339,46.16766366995696,45.75591390485162,45.86239795322064,45.87448589800243,48.28939323389602,46.050251646621184,47.60402940206755,47.07357730455373
GENE_0340,6.440671832753219,6.555993352733518,6.442433428839109,6.306772144178837,8.855335334364339,7.753100928284133,8.194165853823632,7.804923638047934
GENE_0341,3.8640903691129678,3.927101676323657,3.8403682285770184,4.088578008069458,5.820656285540393,5.665223471989794,4.61009865559111,5.023487883385923
GENE_0342,32.90242443179318,32.70089239018922,32.1354238704939,32.82627046746001,33.62364518091094,34.08299075440966,34.436594263721176,33.78417786101747
GENE_0343,32.44693917727497,32.914837234667566,32.619138311421366,32.9313614381415,34.21365150774619,35.5515939737056,33.63848159262402,33.763873085319155
GENE_0344,7.401881130493228,7.644352089073916,7.3150116769803475,7.129347753837739,9.051824627617208,8.888189844149847,8.463994632613872,8.067433649326292
GENE_0345,7.879629349151468,8.114559927319949,7.877650604286771,7.183690810726178,8.912373642940983,9.485378749245074,9.514860200279335,9.561872500849967
GENE_0346,32.09542528256124,31.502220512823822,31.639387361081006,32.276835716884904,33.9327334224551,33.7098155003399,34.44441243840505,33.321970800247584
GENE_0347,1.1961638931457015,0.34323695950276967,1.4891256522327663,0.9657620631708349,2.2905609271484924,2.912986449882248,1.8185487516775831,3.27144673816169
GENE_0348,1.9398956599352646,1.4836015913337783,0.9434531634976461,0.9444728887490601,3.247417924956012,1.7733353826813552,1.4438437921844347,3.041356465258367
GENE_0349,4.582329656642022,4.363588042392791,5.064488812075438,4.981695325491615,6.430754718744311,5.758469977951507,5.105654568681282,5.412476030287232
GENE_0350,12.947166918182685,13.039036384115425,13.234624313244737,12.988862212707492,14.376231449017308,13.896140006835887,14.767289083885398,14.076363059362663
GENE_0351,37.21845979356097,37.054368043670586,37.21153375853525,37.72338286670238,38.481223127097806,37.72989297794038,38.42484226247112,40.36832416014172
GENE_0352,383.8601922254551,383.48624122992913,384.559428628986,384.21193714607614,385.6063815960642,385.69867854962195,386.47926620263206,384.86677868207295
GENE_0353,111.45323143523586,111.80688639188926,111.28635652390088,111.84951837038797,113.02714708169668,113.40873056963574,113.38754045479658,112.6512699002737
GENE_0354,14.943591457875666,14.814633046634194,14.8626327506264,14.17709978518324,16.19162717475642,14.918292502846878,16.712679338471542,16.160548354047414
GENE_0355,19.762130793589773,19.1630263989748,19.636154214605707,19.699562714808735,20.90446156085013,20.9284341707359,20.920654223749995,19.382942076766803
GENE_0356,2.533341611317679,1.927252811799049,2.503379436719529,2.782940658812679,3.967790884929687,4.517112105718245,5.355116993299722,3.5474641226335706
GENE_0357,19.105737414004718,19.19157075146024,19.773183675955284,19.244660944162124,20.67935693357128,20.550224564710685,20.3006606367993,21.26128429809307
GENE_0358,11.417494002214085,11.393610536918928,11.201055380918477,11.31908587550084,11.642544900536683,12.791440020221199,12.608239347770617,11.848180668378948
GENE_0359,38.1338437877921,37.85583723044415,38.38611878986035,37.7666401312069,40.38251232097896,39.87803467742953,38.9351970109498,38.71823436448907
GENE_0360,4.030132019401739,3.8952604500088324,3.918349025706452,3.962848317519287,4.908624151002689,5.621745548960324,5.1603720977301055,4.401230764851282
GENE_0361,56.812997813743806,56.74752795273652,56.711828285047254,56.4433094550338,57.516090417503264,58.270237880774694,58.086251665653776,59.074322430818064
GENE_0362,430.27371852470174,430.9022292090812,430.97168424114886,430.32264067344784,431.52993258100196,431.5793340822676,432.03765890779977,433.15923918207625
GENE_0363,16.623292492751933,16.194915042877163,16.39708754851858,15.70233317648755,16.431407038468045,17.79522781946434,17.483878378886637,17.30230563763031
GENE_0364,45.39324205337389,44.56255806918077,44.32991915947378,45.18828526394221,45.881162853021976,46.88753620328757,45.48553529673647,46.15790861948818
GENE_0365,79.67719213900247,80.22000019664713,80.25233081901122,79.67224972803994,81.12910045964307,80.9511568521583,81.24314688873567,81.88614487748727
GENE_0366,8.886700345546894,8.955451941619598,8.504263217116987,9.46312912650264,11.387297840949309,11.333441996589801,9.248887206056898,11.216737602567482
GENE_0367,31.529029423358992,31.43507844428854,31.753033667444015,31.28252936722583,32.42875422865975,32.77631174038371,33.68215925095076,32.62296167686818
GENE_0368,20.698147904144292,20.317830479426224,20.935822408196458,20.0856034798703,21.92068164359716,22.610099554365934,21.93509864828648,20.737759337143718
GENE_0369,24.616335680555693,24.285787723396393,24.091482469689286,24.083815066769247,26.279458292910782,25.62449577060241,25.718409928748006,25.31229406883156
GENE_0370,4.883178732375357,4.014676556537381,4.156873084359076,4.650860856747533,6.214344114600094,6.1905882531789205,6.417948063961496,5.4507527885084945
GENE_0371,21.04158470490335,21.042785055174537,20.762957472605784,21.047899419770566,22.36475481867993,21.30649144928789,22.896603717431102,22.274537145217703
GENE_0372,54.14051861856296,54.893520335967196,54.31553148283787,54.21552160297731,55.419876921190315,55.654315324304264,55.7252490049626,55.84857484400781
GENE_0373,365.45954703308684,365.4617724586118,365.7809325162355,365.92134826924706,367.4726984700502,366.49807170562565,366.4518698890315,368.040900715228
GENE_0374,136.583682327202,136.31889291982156,137.03685949886537,136.95349616003483,139.03117434180638,137.92755303487115,138.3388860745629,138.6669820263736
GENE_0375,1489.7420215206541,1490.1933107107643,1490.145052236352,1490.0871792572868,1490.4013125855936,1491.527371878033,1491.2853735844537,1491.547442383356
GENE_0376,4.867230156882212,4.266065694681316,4.7475679410638625,4.763412566794753,5.043943477289136,6.509435691708223,5.894356613873569,6.0840865453006
GENE_0377,114.81127315810348,114.76583472621634,114.79790613984083,114.8586259540776,116.04569946418894,115.56573161598577,117.35053258522463,116.16004704698526
GENE_0378,29.049399075268962,29.294234095996117,28.919496127653936,28.584448383952683,29.79965992538153,31.57619893285755,29.487211469904686,30.628749097618094
GENE_0379,1602.952936947724,1602.7761791546247,1602.4528323588795,1602.833824268209,1604.7985044117718,1604.1456936188893,1604.5578175405872,1604.6659134547765
GENE_0380,4.344970953591696,4.536255885621352,3.746691951608414,4.066537123532137,5.068118164832052,5.04131920589439,5.5002354924787165,5.620966436903445
GENE_0381,4.503584208254146,3.948882241893841,4.034959970421298,3.456376802628877,5.656563144397871,5.414578442658051,5.250431570406805,5.553309488710783
GENE_0382,5.897739859426246,5.9106270688586315,6.541675338366812,5.76985521683383,7.516064742683621,7.697756271427268,7.6592887427388385,7.255531690349983
GENE_0383,0.14030642392611226,0.9343307206612299,0.0,0.39027462114654454,1.7113657186405336,0.9005758231615731,1.0770373914553613,1.7312408295476909
GENE_0384,7.331330230172163,6.836367490150439,6.840342689305573,7.0034862615803055,9.168881074527373,8.349944946316517,9.50295406756077,8.004679553825566
GENE_0385,4.6051400824082345,4.6232012471231325,4.392650908432663,4.410411734143817,5.629271394881425,5.577613162465572,6.511457564019982,5.67666584359545
GENE_0386,27.688012710263042,27.22378828666418,27.218048860188116,26.906451912132212,28.202107715667623,28.59270678905238,28.50334504928973,29.769660527323037
GENE_0387,39.96105352534821,40.176397456570065,39.54299401377393,39.716754855488695,40.71989209052422,40.283897155542896,41.72985135877606,41.05246181508296
GENE_0388,855.9532493090406,856.5294902952949,856.188255249616,855.7837669929962,858.0166098012241,856.796064098763,857.2876286533601,856.5996666569039
GENE_0389,134.58085866834412,134.41326346385617,134.26151041501515,134.67072174247386,136.21897373787155,136.0194950852078,135.30655841619057,135.64510353911913
GENE_0390,6.668262820203202,6.109626384924474,6.331316064764845,6.646226546445455,8.020078640777315,8.383185060841361,6.937458205144507,8.107897667418845
GENE_0391,3.576805236396763,3.4686522249192886,3.4945458564386636,2.7768042233661254,4.084539482968294,5.295959655346971,4.234330508427531,3.791415367897125
GENE_0392,53.875027906052125,53.519531085794306,53.724772377663214,53.443992438662214,54.18226353080236,55.807579718680195,54.937909620115654,55.435591558915384
GENE_0393,1.752663452352829,2.0366772197340697,1.3017452783181123,0.9837022689490591,3.1261367786684153,2.854848998472937,2.813255402094617,1.7178666016805912
GENE_0394,783.182333167707,782.8725050898983,782.7986615493957,782.6365373102514,784.3583306400474,783.492781100328,784.3690090298863,783.5431329041502
GENE_0395,212.90152688149712,212.37728271879223,212.46037029642426,212.46184779324875,215.12563086448316,214.28879528928303,212.9620847666076,213.6707635111374
GENE_0396,8.053529063306367,7.914320188788947,7.747912788064837,7.424022531119916,9.843793437760874,8.980646874671075,9.757540025741372,10.065567467518587
GENE_0397,0.6028052153683126,0.24880275260445994,0.5753018206632382,0.37638269552577497,1.7805013785317296,2.1206413064644583,1.766202842162318,1.7400100212140959
GENE_0398,301.2350542636098,300.8995559461266,301.6706343088312,300.8898529460554,303.95300570677233,302.4221048526576,302.72155307167185,302.37269888319173
GENE_0399,16.33528034246158,16.3334518248924,16.141603486891444,16.035507851328756,18.522818269400364,18.14215792891925,16.72821993819711,17.924623186433788
GENE_0400,238.5564099952768,238.60442241288155,238.71284660116422,238.82229399768383,240.18549065630188,240.8867768481588,240.63837328205523,239.91212938633115
GENE_0401,0.9385082741688512,0.513832986702399,1.0369926028602015,0.6113850155058049,2.559967334276708,2.404723276001244,1.6164606319321575,2.4718970682871677
GENE_0402,5.939212330230403,6.2182097996867975,5.957068127001809,6.110260235570431,7.714823252508522,8.054160818468423,7.053223054929845,6.393525264036449
GENE_0403,20.30591384952103,20.653001649039485,20.649227793916577,20.133286377264405,21.724081389945603,21.85836986918249,21.75625178650097,21.568861646680514
GENE_0404,22.447841510885887,22.27999194530322,22.175198609763125,21.982809419005882,23.613735972155947,23.455836110296627,23.497872281449258,24.13448447172427
GENE_0405,8.222430400531518,8.463914985867293,8.13291003692428,8.66713630721511,9.427936265874068,10.08694710314692,9.432686237729476,9.657701573930197
GENE_0406,69.81852778968859,69.57755829867091,69.93891190298483,70.20673514077885,70.26364753288843,71.63142943083659,71.58620711073725,71.8566918713475
GENE_0407,1.9664772715349694,1.9478909138063922,1.9031712682083954,1.984559742750666,4.090610537394684,4.21445163028137,2.9597069355625334,3.7804672129279253
GENE_0408,15.33212724401568,15.55865126979416,14.770220933534572,15.357170899571265,16.33231932432639,15.993735227153211,16.837337144361225,15.891622441728638
GENE_0409,25.74246862151425,25.452019415519285,25.19064586525221,25.792242333519404,26.80258206138405,27.49504888680182,27.0265344487837,27.33135897860101
GENE_0410,56.8467796703693,56.12255334844115,56.24068618180678,55.853324266751876,59.098379116296215,57.91485679618899,58.01001773431757,57.518385490719915
GENE_0411,83.27276649799403,83.76355821103463,83.88485446832546,83.61073326160638,84.36703243297977,84.10634721347927,84.44635833327354,85.23656362222603
GENE_0412,2.1842610405796505,2.2853849451006667,2.7879059861382585,2.5798955178042347,3.5245140332108393,3.653538319327564,3.754310775208288,3.5433506777088177
GENE_0413,1.008862272633614,1.07081349914487,1.1254624979526147,0.5972837256470633,3.210536935908112,2.2076683872783516,2.3000884027711948,1.9094576423819476
GENE_0414,259.091643129973,259.2679078495143,258.7686604885273,258.3431562997397,259.9297530485961,258.6158942057195,260.60388640556596,260.40595943093786
GENE_0415,39.01302225817282,38.84855544877486,38.501293597643084,39.34690935794195,40.47220559805769,40.19213594545825,39.80531963889084,40.65341437511034
GENE_0416,4.578981825205454,4.773627405898723,4.3324732275541455,4.576723960722046,6.4763453057478495,6.272174616301181,6.380992053923138,5.387134101544592
GENE_0417,447.06855776904337,446.90329275359755,446.649853690556,447.0516316987003,448.7538868735434,448.4909916220386,448.51375980453,447.9833505085068
GENE_0418,25.369771776404136,25.394366723116203,25.12753475998189,25.415965804377375,27.118286734561256,26.003504068846393,25.713117289781756,26.989696223522824
GENE_0419,212.29221345305513,212.88468406534403,212.37570039184484,212.5433523136987,213.30925112570583,214.03559719379138,214.04632073052306,214.36563341895024
GENE_0420,23.04771258042229,23.141836309439682,22.847858409243656,22.59154394405947,24.612162835548105,23.362487148145508,24.287755062226832,24.045231641625477
GENE_0421,1238.623451089706,1238.462850388463,1237.7075716216352,1238.6155568767344,1239.2820346318595,1241.0428631130135,1240.3174327762322,1239.6085302217612
GENE_0422,671.9765930488567,672.6062998398729,672.5089207155153,672.6354246364083,673.9694387099316,673.3087907709815,673.2809167088022,673.4220300872681
GENE_0423,12.247649534155146,12.098272813048219,11.885935724189142,12.138941408690675,13.862271272390995,14.231532484838961,14.346963692210196,14.552290960659233
GENE_0424,140.00004832680457,139.95832167108463,140.28185863051968,140.19704148634216,141.89993099609777,141.69954918539756,142.08880282760913,141.80351218586776
GENE_0425,73.37986654648765,72.70790979960388,73.64357735873519,72.56202030704347,73.6608724261205,73.99225952544731,74.5667727415515,73.72034589576754
GENE_0426,309.75727136759315,309.62432046221545,309.93841206155236,310.3685038658336,312.3218700517367,311.04691887977106,311.89180327558495,311.710853305622
GENE_0427,2.7481492628669053,3.5326879560304785,2.1567395602244828,3.087443049562625,4.507241527110106,4.879102364125992,4.763216433127955,4.210343524608635
GENE_0428,79.32319259462857,78.8790665223927,79.12422776554517,79.19137172700941,81.46670901085731,80.42661210073773,80.7715461423565,81.51044729245734
GENE_0429,167.27857854093293,166.7425452450869,167.13920922266217,167.14622734012377,169.0044559130766,168.00635291675195,167.53615275580412,169.3396185712027
GENE_0430,0.576296162942664,0.5129772512978841,1.1835254775307384,0.49579807197057807,2.942317625817007,1.9062837617844124,1.1660587585992377,1.9837165745743235
GENE_0431,1.7176017933275642,1.9763836606782539,1.5152967729997986,2.0535434291036037,3.878180684809656,2.695041795621423,3.37010090828701,2.7798159606092954
GENE_0432,0.9044645450942403,0.5848385880238525,0.48912719123301995,0.03421812265442875,2.3765684445562765,1.1832928225161838,0.8741351455884985,0.2922315835997334
GENE_0433,11.284301391758605,11.976847608391402,11.579112424849463,11.711639916621207,13.213058631423872,13.598298876354994,13.732578918917982,12.508790393264766
GENE_0434,83.69961213489985,84.18433069031519,84.32746941559463,84.30694764451503,86.09688646613576,85.80672904501401,86.02339274692781,84.49530581460697
GENE_0435,405.4670929008859,405.28495205173397,406.128391569975,405.4026809424822,408.23411996385227,406.57656945579737,407.04112566714645,407.4047163020505
GENE_0436,23.143238009591876,23.37862826204415,22.84296317837911,23.18299619824765,25.6801740407629,25.258279798071584,24.65037988962386,24.763261445590246
GENE_0437,521.4658285774922,521.6975910847764,521.8483203210798,521.7327566439299,523.3778764453428,524.2337710311594,523.2446221572768,522.9676410580385
GENE_0438,1.483498153342384,1.7531948919585758,1.411299170682208,1.51880537058503,2.063974414275306,2.2348856392277785,3.731982051282628,2.1562280156775486
GENE_0439,0.7389409299538998,0.8130932013140155,0.9915366133043444,0.534771444651075,1.0298016583331413,1.8906695642025229,2.631518265631006,2.7918388377527914
GENE_0440,17.804386971811205,18.19407389684717,18.003005507073492,17.49163743081062,19.502226970284887,19.491911452962295,19.023570573233037,20.406979909298343
GENE_0441,42.91496747290671,43.497923173108205,43.391473954359206,43.823933963769605,45.17079054456593,44.23433694327603,44.674265295579644,43.45296014546534
GENE_0442,19.075910857435783,19.16621581619734,18.696679088725205,19.22860988255889,19.867163762679123,20.794816839020825,19.935869604501278,20.481462457180957
GENE_0443,0.5165196975331634,0.37576581175667717,0.4021974265190973,0.0,2.0840946325118423,1.91831004404032,1.4210024888250212,1.1301219390659478
GENE_0444,16.776649841290283,16.417353016037342,16.703444917774874,17.013314941997656,19.043565132646552,17.929426394392078,17.817447597241703,18.29393679451976
GENE_0445,2.032539799454593,1.5984550861660858,1.6650202675971086,1.3276562694748903,3.4234670463819112,1.8865061258817195,3.8808227407487013,3.518487100372604
GENE_0446,76.33629440762458,76.46191276938487,76.54643673670934,76.73636600212174,77.24250816570135,78.05068432222318,78.35839424784706,77.9583871858114
GENE_0447,41.354890713138666,41.65396325989116,41.925678382586746,41.900815503120135,43.28235668573479,43.03470560888931,42.41573038053358,42.74918769741523
GENE_0448,2.8580187456779464,3.241500372268848,3.0568123225368264,2.995268826547423,3.265767134945822,4.743990518190099,5.049292631099141,4.684732597469733
GENE_0449,7.173269048306215,7.558429774642955,7.524759928444515,6.951815153536946,8.43702604755999,8.843319152534512,8.731225659492091,7.060519133810435
GENE_0450,2.4876967649859916,2.421076403210003,2.3992768131126385,2.2075326144943066,3.2187451242598213,4.279340913046239,3.3415740237599914,3.6342521729745796
GENE_0451,17.646705290832546,17.811726011969135,17.18716636772738,17.444218533545072,19.342051671851486,19.126181664492748,19.070213397752898,19.123633053696004
GENE_0452,135.78364506162006,136.18869292605635,136.05660489288,135.42848178019665,136.78368296250844,136.67895765050076,137.60941148151045,137.67073156734136
GENE_0453,2.4215395519693312,2.869227333073035,2.5252816889676786,2.7768478922116575,4.373175333057194,5.527066408679975,5.3862733425294085,3.5328247237179564
GENE_0454,55.47493678197643,55.82231233500857,54.845677499159805,54.82707940402123,56.71780545047861,56.86124803252596,56.27862187935089,56.475124257421044
GENE_0455,6.930521136428327,7.124819383635561,6.776468101733051,7.159782109659884,6.705767188697513,8.9147977547739,9.041243469807203,7.861172155191325
GENE_0456,4.448606841656577,3.585189264433393,4.5257495201313835,4.559591938780916,7.164113063805638,5.574366519468469,5.896371686603013,5.368714531713216
GENE_0457,16.317858795442575,16.441043677860623,15.574338927335655,16.04102521911825,18.539083487915715,17.108599620188553,17.34200447964791,17.087109262889474
GENE_0458,2.670307104177761,2.6476286538964593,3.474605698529624,2.605102488592239,3.774164189803444,3.294866384436198,4.2125512509741085,4.712042058248351
GENE_0459,6.808204531076154,7.024200173231316,6.954091389726308,6.787179880097373,8.487369916031676,7.696568355136014,7.603662844762214,7.654448331721798
GENE_0460,1.964181266499047,2.03182310387484,1.8968403727326004,1.971469379769635,2.4121534711115813,3.716819466796303,3.3790652385408246,4.008102147892138
GENE_0461,1022.1248510486652,1021.8904974255097,1021.9155660205199,1021.9548208010797,1024.032541411152,1023.8068431105758,1023.3181147389596,1022.9978887877375
GENE_0462,21.95200624900327,21.185971019076728,21.638926712420837,21.776065215471455,23.819327920378182,24.545073766203462,23.07414193444217,23.050117085794625
GENE_0463,5.014708657449077,4.893045329352828,5.1120890350524375,5.1004269923428325,6.375405858242694,6.892097472156323,6.963840822835026,6.382068479079638
GENE_0464,31.026414228975398,30.558556965436054,31.00727777748386,30.442414375000656,32.50851113096344,33.125784293257006,32.03237930229782,32.20061150076002
GENE_0465,16.017222929644607,15.86998660298936,16.21082497773181,16.30489045724756,17.998711947526335,17.071667519370507,16.363774789979345,17.350687746805683
GENE_0466,13.342791662126803,13.087330018818145,12.937630701868537,13.176943748671984,13.664737457943046,13.94148327744339,14.329420734396841,14.853083309376139
GENE_0467,68.39988573001693,69.10377477194014,68.54360189454252,68.37381758938113,70.00264322665994,70.62117608418644,69.96773321302324,69.93328018940994
GENE_0468,91.91925721383869,91.49737654291233,91.33359309886939,91.39035643459972,92.77383365742732,92.5209206724563,93.3394574030772,93.0046398964918
GENE_0469,6.939732356799771,6.593014823382519,6.89330725788727,7.156778439836395,7.678324892456797,9.110084462301712,8.200106390962143,8.818507969741606
GENE_0470,5.920187777694582,6.482801108796039,6.689551337390116,6.286626162456188,7.821110877129905,8.430299386923256,8.34762302169982,7.3400299762764085
GENE_0471,11.625579936601126,11.946138058121583,11.765215628812147,11.909042026457692,12.467772340747398,13.129582758513196,14.303495371466285,13.398650055096597
GENE_0472,0.0,0.018187382199845503,0.0,0.9102840018814684,1.640092790737289,2.012349761285684,1.8676755485603915,1.5440034913379925
GENE_0473,1.2222678381734413,0.9298696234749488,1.1668450064357525,0.7342789636863294,2.0857095070757223,3.221836050026368,1.980855941211077,2.7405161224112593
GENE_0474,308.93008115422765,309.1302748064371,309.18428920643396,308.71155496707223,310.69174861458924,310.92398783401285,309.75000007615034,308.78937962311915
GENE_0475,538.9846604321657,538.8830459682055,539.1129028351965,539.2096610408116,540.5334162042186,541.1481175829806,540.0919781613833,539.8377690696291
GENE_0476,11.639141280969698,12.400487630406516,12.089447964326691,12.4224722517912,13.095437504784817,14.020507995323973,14.11222303369908,13.822411255733268
GENE_0477,63.496145056737035,63.59555250792942,63.96907076850756,63.56257704035833,65.99985673065126,65.05312438328623,65.45372748598712,66.14642054648984
GENE_0478,36.703876290262386,37.55689982142318,37.71529802688793,37.86701828724738,37.62432182409119,39.74351413552518,38.955890292158806,38.66272294085204
GENE_0479,9487.320798291863,9487.529721485567,9487.56410583856,9487.39438739899,9490.035808124168,9488.769152566016,9489.171693710667,9489.245912286577
GENE_0480,188.7378919623342,188.37853007539388,188.63188325162827,188.7176431524004,190.76288539423794,190.22181669196587,189.89313294153135,190.30302018994712
GENE_0481,15.787360106306984,15.768334466060065,15.260123038349349,15.369861812484066,16.979735789620523,16.86312744464245,17.672148757318894,17.098696603678068
GENE_0482,3.0986982409699273,2.859211026806908,2.557175522997759,3.486874344296627,3.551198478552819,5.10614698487829,4.962491430084018,3.9441993437574294
GENE_0483,0.5181500621618929,1.326332060470678,0.6202277377236671,1.4059975110510923,2.347335254950952,2.8312829462412026,2.4356615907081456,2.4626339071365395
GENE_0484,30.158076711887126,30.052499263045338,30.43110816044455,29.942393142394714,31.726915136932817,31.612036400295054,31.64661995171116,31.623974481969245
GENE_0485,4.424044162085071,4.492530341537807,4.711062437425067,4.260257783039667,4.9233595829792955,5.981026914793369,4.902424236999405,6.753816093002357
GENE_0486,0.8207238619265038,1.4480105182461935,1.3221588947134546,1.4261096347782072,2.122610183196306,1.2462256786459043,3.5315480426674197,3.746704050943254
GENE_0487,5.9626154636317406,5.086086253221686,5.729124709155995,5.395456778164741,7.739880892454554,7.387890535524598,7.0123664420384015,6.658459039829243
GENE_0488,2.5724152650919905,1.7809639343250563,2.4640600640537764,2.2955832125396176,4.169681871353155,3.3557861000529017,4.0441885440470715,3.1179952714859716
GENE_0489,586.4985824385191,586.1071747962969,586.372427212101,586.5724882168306,587.2635285160767,589.0824787895222,587.7669196692455,588.396488040779
GENE_0490,117.13749003774223,117.50819951707203,117.25900104944606,116.55352233918457,118.55412770391968,118.3977026394055,119.15482873713752,119.1717261764413
GENE_0491,19.830322079239373,19.60224979308737,20.00793009442341,19.763655913026835,21.55921679462629,20.958762818158945,20.43248788927781,21.483144754455402
GENE_0492,386.95430153265835,388.33428177888607,387.7931093921297,387.3599036609664,389.1407290996282,388.44665839346726,389.78260038965874,388.70541456523046
GENE_0493,23.37270751883951,23.27758645399847,23.803534745038082,23.298923886875755,25.21657138566247,24.059548286516865,24.72304014066642,25.12636567174838
GENE_0494,3.3828186849570705,3.642779350315521,3.799905113516729,4.020503560397055,4.756092912102235,5.0834244776580615,6.298775638266562,5.574824673841143
GENE_0495,422.2243187461713,422.98743773491015,422.6302392114022,422.147852680856,423.994978998814,423.8336310753842,424.0430241924489,423.77082279979845
GENE_0496,58.93234823338469,59.61850618769821,59.3377233927454,59.26063987727487,61.507499496836246,61.363904139508165,59.86414748199507,60.758831925294764
GENE_0497,3.062454874168698,3.1415999891047606,2.5151925383391234,2.4394600370142987,4.508225189378798,2.997219494285544,4.172298943327511,4.867576130921785
GENE_0498,13.91867561671828,14.08893262751612,13.461860362969862,13.642494707789426,14.829850332028304,15.668757489306026,15.834458257573122,15.45214664156854
GENE_0499,3.314676095010904,3.793248549689182,3.437109702762614,3.7231413607612565,4.994707481592565,4.394204529824252,4.131249413856352,5.093190430930571
GENE_0500,1.4359255657196277,1.441908816073135,1.0406799378708456,1.3661661196834474,2.53923644957542,2.275250398197374,3.3094665219605224,2.2340267963040885
